{"machine": {
  "muxInputs": [
    {
      "input": [
        {
          "type": "constant",
          "value": "0"
        },
        {
          "type": "constant",
          "value": "3"
        },
        {
          "type": "constant",
          "value": "8"
        },
        {
          "type": "constant",
          "value": "64"
        },
        {
          "type": "constant",
          "value": "255"
        },
        {
          "type": "constant",
          "value": "256"
        },
        {
          "type": "constant",
          "value": "16777215"
        },
        {
          "type": "register",
          "value": "ACCU"
        },
        {
          "type": "register",
          "value": "Counter"
        },
        {
          "type": "register",
          "value": "SHIFT"
        },
        {
          "type": "register",
          "value": "j_Variable"
        },
        {
          "type": "register",
          "value": "MASK"
        },
        {
          "type": "register",
          "value": "MDR"
        }
      ],
      "muxType": "A"
    },
    {
      "input": [
        {
          "type": "register",
          "value": "MDR"
        },
        {
          "type": "register",
          "value": "PC"
        },
        {
          "type": "register",
          "value": "IR"
        },
        {
          "type": "register",
          "value": "ACCU"
        },
        {
          "type": "register",
          "value": "Counter"
        },
        {
          "type": "register",
          "value": "KEY"
        },
        {
          "type": "register",
          "value": "MASK"
        },
        {
          "type": "register",
          "value": "B"
        },
        {
          "type": "register",
          "value": "C"
        },
        {
          "type": "register",
          "value": "TMP"
        },
        {
          "type": "register",
          "value": "IFCOND"
        },
        {
          "type": "constant",
          "value": "4"
        },
        {
          "type": "constant",
          "value": "5"
        },
        {
          "type": "constant",
          "value": "256"
        }
      ],
      "muxType": "B"
    }
  ],
  "registers": {"register": [
    {
      "size": "BITS_32",
      "name": "Counter",
      "description": "Counter to keep track of the progress during the permutation of S-Box (KSA Step)\nOnce this counter reaches 255, continue to PRGA\n\nIn slide 15 of intro pdf, this refers to the variable \"i\"\n"
    },
    {
      "size": "BITS_32",
      "name": "j_Variable",
      "description": "In slide 15 of intro pdf, this refers to the variable \"j\"\n"
    },
    {
      "size": "BITS_32",
      "name": "C",
      "description": "temp register to help for value swapping during S-Box permutation (KSA)\n\nC = key[i mod keylength]"
    },
    {
      "size": "BITS_32",
      "name": "B",
      "description": "B = S[i]"
    },
    {
      "size": "BITS_32",
      "name": "KEY",
      "description": "load key from mem addrs (000040) in Hex or (64) in decimal"
    },
    {
      "size": "BITS_32",
      "name": "SHIFT",
      "description": "register to save the amount of bits that needs to be shifted when trying to access key[i]"
    },
    {
      "size": "BITS_32",
      "name": "TMP",
      "description": "temp register to help during swapping of sbox values"
    },
    {
      "size": "BITS_32",
      "name": "MASK",
      "description": ""
    },
    {
      "size": "BITS_32",
      "name": "IFCOND",
      "description": ""
    }
  ]},
  "alu": {"operation": [
    "A_ADD_B",
    "B_SUB_A",
    "TRANS_A",
    "TRANS_B",
    "A_SUB_B",
    "A_MOD_B",
    "A_DIV_B",
    "A_MUL_B",
    "B_SRU_A",
    "A_AND_B",
    "A_INC",
    "B_ROTR_A",
    "B_SL_A"
  ]}
}}