{"machine": {
  "muxInputs": [
    {
      "input": [
        {
          "type": "constant",
          "value": "0"
        },
        {
          "type": "constant",
          "value": "1"
        },
        {
          "type": "register",
          "value": "ACCU"
        },
        {
          "type": "constant",
          "value": "255"
        },
        {
          "type": "constant",
          "value": "256"
        }
      ],
      "muxType": "A"
    },
    {
      "input": [
        {
          "type": "register",
          "value": "MDR"
        },
        {
          "type": "register",
          "value": "PC"
        },
        {
          "type": "register",
          "value": "IR"
        },
        {
          "type": "register",
          "value": "ACCU"
        },
        {
          "type": "register",
          "value": "Counter"
        }
      ],
      "muxType": "B"
    }
  ],
  "registers": {"register": [
    {
      "size": "BITS_32",
      "name": "Counter",
      "description": "Counter to keep track of the progress during the permutation of S-Box (KSA Step)\nOnce this counter reaches 255, continue to PRGA\n\nIn slide 15 of intro pdf, this refers to the variable \"i\"\n"
    },
    {
      "size": "BITS_32",
      "name": "j_Variable",
      "description": "In slide 15 of intro pdf, this refers to the variable \"j\"\n"
    },
    {
      "size": "BITS_32",
      "name": "temp",
      "description": "temp register to help for value swapping during S-Box permutation (KSA)"
    }
  ]},
  "alu": {"operation": [
    "A_ADD_B",
    "B_SUB_A",
    "TRANS_A",
    "TRANS_B",
    "A_SUB_B"
  ]}
}}