{"signaltable": {"row": [
  {
    "label": "start",
    "signal": [
      {
        "name": "ALU_SELECT_A",
        "value": "0"
      },
      {
        "name": "j_Variable.W",
        "value": "1"
      },
      {
        "name": "ACCU.W",
        "value": "1"
      },
      {
        "name": "ALU_CTRL",
        "value": "2"
      },
      {
        "name": "Counter.W",
        "value": "1"
      }
    ]
  },
  {
    "conditional-jump": {
      "cond0-target": "2",
      "cond1-target": "3"
    },
    "label": "check counter",
    "signal": [
      {
        "name": "ALU_SELECT_A",
        "value": "4"
      },
      {
        "name": "ALU_SELECT_B",
        "value": "4"
      },
      {
        "name": "ALU_CTRL",
        "value": "4"
      }
    ]
  },
  {
    "label": "KSA start loop",
    "signal": [],
    "breakpoint": true
  },
  {
    "label": "PRGA start loop",
    "signal": [],
    "breakpoint": true
  }
]}}